<application>
  <component name="ExportableFileTemplateSettings">
    <default_templates>
      <template name="Component.tsx" file-name="$Name/$Name" reformat="false" live-template-enabled="false">
        <template name="Component.tsx.child.0.ts" file-name="$Name/index" reformat="false" live-template-enabled="false" />
      </template>
      <template name="Component.tsx.child.0.ts" file-name="$Name/index" reformat="false" live-template-enabled="false" />
      <template name="Feature.tsx" file-name="$Name/$Name" reformat="false" live-template-enabled="false">
        <template name="Feature.tsx.child.0.ts" file-name="$Name/store/index.ts" reformat="false" live-template-enabled="false" />
        <template name="Feature.tsx.child.1༏ext༏.test.ts" file-name="$Name/store/store" reformat="false" live-template-enabled="false" />
        <template name="Feature.tsx.child.2.ts" file-name="$Name/store/store" reformat="false" live-template-enabled="false" />
        <template name="Feature.tsx.child.3.ts" file-name="$Name/index" reformat="false" live-template-enabled="false" />
      </template>
      <template name="Feature.tsx.child.0.ts" file-name="$Name/store/index.ts" reformat="false" live-template-enabled="false" />
      <template name="Feature.tsx.child.1༏ext༏.test.ts" file-name="$Name/store/store" reformat="false" live-template-enabled="false" />
      <template name="Feature.tsx.child.2.ts" file-name="$Name/store/store" reformat="false" live-template-enabled="false" />
      <template name="Feature.tsx.child.3.ts" file-name="$Name/index" reformat="false" live-template-enabled="false" />
      <template name="NamedStore.ts" file-name="${Name}Store/${Name}Store" reformat="false" live-template-enabled="false">
        <template name="NamedStore.ts.child.0༏ext༏.test.ts" file-name="${Name}Store/${Name}Store" reformat="false" live-template-enabled="false" />
        <template name="NamedStore.ts.child.1.ts" file-name="${Name}Store/index.ts" reformat="false" live-template-enabled="false" />
      </template>
      <template name="NamedStore.ts.child.0༏ext༏.test.ts" file-name="${Name}Store/${Name}Store" reformat="false" live-template-enabled="false" />
      <template name="NamedStore.ts.child.1.ts" file-name="${Name}Store/index.ts" reformat="false" live-template-enabled="false" />
      <template name="NameLessStore.ts" file-name="store/store" reformat="false" live-template-enabled="false">
        <template name="NameLessStore.ts.child.0.ts" file-name="store/store.test" reformat="false" live-template-enabled="false" />
        <template name="NameLessStore.ts.child.1.ts" file-name="store/index" reformat="false" live-template-enabled="true" />
      </template>
      <template name="NameLessStore.ts.child.0.ts" file-name="store/store.test" reformat="false" live-template-enabled="false" />
      <template name="NameLessStore.ts.child.1.ts" file-name="store/index" reformat="false" live-template-enabled="true" />
      <template name="Repository.ts" file-name="${Name}Repository/${Name}Repository" reformat="false" live-template-enabled="false">
        <template name="Repository.ts.child.0.ts" file-name="${Name}Repository/${Name}Repository.test" reformat="false" live-template-enabled="false" />
        <template name="Repository.ts.child.1.ts" file-name="${Name}Repository/dto" reformat="false" live-template-enabled="false" />
        <template name="Repository.ts.child.2.ts" file-name="${Name}Repository/index" reformat="false" live-template-enabled="false" />
      </template>
      <template name="Repository.ts.child.0.ts" file-name="${Name}Repository/${Name}Repository.test" reformat="false" live-template-enabled="false" />
      <template name="Repository.ts.child.1.ts" file-name="${Name}Repository/dto" reformat="false" live-template-enabled="false" />
      <template name="Repository.ts.child.2.ts" file-name="${Name}Repository/index" reformat="false" live-template-enabled="false" />
      <template name="Screen.tsx" file-name="$Name/$Name" reformat="false" live-template-enabled="false">
        <template name="Screen.tsx.child.1.ts" file-name="$Name/index" reformat="false" live-template-enabled="false" />
      </template>
      <template name="Screen.tsx.child.1.ts" file-name="$Name/index" reformat="false" live-template-enabled="false" />
      <template name="ScreenWithStore.tsx" file-name="$Name/$Name" reformat="false" live-template-enabled="false">
        <template name="ScreenWithStore.tsx.child.0.ts" file-name="$Name/store/store" reformat="false" live-template-enabled="false" />
        <template name="ScreenWithStore.tsx.child.1.ts" file-name="$Name/store/index.ts" reformat="false" live-template-enabled="false" />
        <template name="ScreenWithStore.tsx.child.2.ts" file-name="$Name/index" reformat="false" live-template-enabled="false" />
      </template>
      <template name="ScreenWithStore.tsx.child.0.ts" file-name="$Name/store/store" reformat="false" live-template-enabled="false" />
      <template name="ScreenWithStore.tsx.child.1.ts" file-name="$Name/store/index.ts" reformat="false" live-template-enabled="false" />
      <template name="ScreenWithStore.tsx.child.2.ts" file-name="$Name/index" reformat="false" live-template-enabled="false" />
      <template name="UtilityFunction.ts" file-name="$Name/$Name.ts" reformat="true" live-template-enabled="false">
        <template name="UtilityFunction.ts.child.0༏ext༏.test.ts" file-name="$Name/$Name" reformat="false" live-template-enabled="false" />
        <template name="UtilityFunction.ts.child.1.ts" file-name="$Name/index" reformat="false" live-template-enabled="false" />
      </template>
      <template name="UtilityFunction.ts.child.0༏ext༏.test.ts" file-name="$Name/$Name" reformat="false" live-template-enabled="false" />
      <template name="UtilityFunction.ts.child.1.ts" file-name="$Name/index" reformat="false" live-template-enabled="false" />
    </default_templates>
  </component>
</application>