<application>
  <component name="ExportableFileTemplateSettings">
    <default_templates>
      <template name="Component.ts" file-name="$Name/index" reformat="true" live-template-enabled="false">
        <template name="Component.ts.child.0.tsx" file-name="$Name/$Name" reformat="true" live-template-enabled="false" />
      </template>
      <template name="Component.ts.child.0.tsx" file-name="$Name/$Name" reformat="true" live-template-enabled="false" />
      <template name="Feature.ts" file-name="$Name/index.ts" reformat="true" live-template-enabled="false">
        <template name="Feature.ts.child.0.ts" file-name="$Name/store/index.ts" reformat="true" live-template-enabled="false" />
        <template name="Feature.ts.child.1༏ext༏.test.ts" file-name="$Name/store/store" reformat="true" live-template-enabled="false" />
        <template name="Feature.ts.child.2.ts" file-name="$Name/store/store" reformat="true" live-template-enabled="false" />
        <template name="Feature.ts.child.3.tsx" file-name="$Name/$Name" reformat="true" live-template-enabled="false" />
      </template>
      <template name="Feature.ts.child.0.ts" file-name="$Name/store/index.ts" reformat="true" live-template-enabled="false" />
      <template name="Feature.ts.child.1༏ext༏.test.ts" file-name="$Name/store/store" reformat="true" live-template-enabled="false" />
      <template name="Feature.ts.child.2.ts" file-name="$Name/store/store" reformat="true" live-template-enabled="false" />
      <template name="Feature.ts.child.3.tsx" file-name="$Name/$Name" reformat="true" live-template-enabled="false" />
      <template name="MobxStore.ts" file-name="store/store" reformat="true" live-template-enabled="false">
        <template name="MobxStore.ts.child.0༏ext༏.test.ts" file-name="store/$Name" reformat="true" live-template-enabled="false" />
        <template name="MobxStore.ts.child.1.ts" file-name="store/index" reformat="true" live-template-enabled="true" />
      </template>
      <template name="MobxStore.ts.child.0༏ext༏.test.ts" file-name="store/$Name" reformat="true" live-template-enabled="false" />
      <template name="MobxStore.ts.child.1.ts" file-name="store/index" reformat="true" live-template-enabled="true" />
      <template name="Repository.ts" file-name="$Name/index" reformat="true" live-template-enabled="false">
        <template name="Repository.ts.child.0༏ext༏.test.ts" file-name="$Name/$Name" reformat="true" live-template-enabled="false" />
        <template name="Repository.ts.child.1.ts" file-name="$Name/dto" reformat="true" live-template-enabled="false" />
        <template name="Repository.ts.child.2.ts" file-name="$Name/$Name" reformat="true" live-template-enabled="false" />
      </template>
      <template name="Repository.ts.child.0༏ext༏.test.ts" file-name="$Name/$Name" reformat="true" live-template-enabled="false" />
      <template name="Repository.ts.child.1.ts" file-name="$Name/dto" reformat="true" live-template-enabled="false" />
      <template name="Repository.ts.child.2.ts" file-name="$Name/$Name" reformat="true" live-template-enabled="false" />
      <template name="UtilityFunction.ts" file-name="$Name/index.ts" reformat="true" live-template-enabled="false">
        <template name="UtilityFunction.ts.child.0༏ext༏.test.ts" file-name="$Name/$Name" reformat="true" live-template-enabled="false" />
        <template name="UtilityFunction.ts.child.1.ts" file-name="$Name/$Name" reformat="true" live-template-enabled="false" />
      </template>
      <template name="UtilityFunction.ts.child.0༏ext༏.test.ts" file-name="$Name/$Name" reformat="true" live-template-enabled="false" />
      <template name="UtilityFunction.ts.child.1.ts" file-name="$Name/$Name" reformat="true" live-template-enabled="false" />
    </default_templates>
  </component>
</application>