<application>
  <component name="ExportableFileTemplateSettings">
    <default_templates>
      <template name="mobXStore.ts" file-name="store/index.ts" reformat="true" live-template-enabled="false">
        <template name="mobXStore.ts.child.0.ts" file-name="store/$Name" reformat="true" live-template-enabled="false" />
      </template>
      <template name="mobXStore.ts.child.0.ts" file-name="store/$Name" reformat="true" live-template-enabled="false" />
      <template name="ReactComponent.ts" file-name="$Name/index" reformat="true" live-template-enabled="false">
        <template name="ReactComponent.ts.child.0.tsx" file-name="$Name/$Name" reformat="true" live-template-enabled="false" />
      </template>
      <template name="ReactComponent.ts.child.0.tsx" file-name="$Name/$Name" reformat="true" live-template-enabled="false" />
      <template name="repository.ts" file-name="$Name/index" reformat="true" live-template-enabled="false">
        <template name="repository.ts.child.0.ts" file-name="$Name/dto" reformat="true" live-template-enabled="false" />
        <template name="repository.ts.child.1.ts" file-name="$Name/$Name" reformat="true" live-template-enabled="false" />
      </template>
      <template name="repository.ts.child.0.ts" file-name="$Name/dto" reformat="true" live-template-enabled="false" />
      <template name="repository.ts.child.1.ts" file-name="$Name/$Name" reformat="true" live-template-enabled="false" />
      <template name="source.ts" file-name="$Name/index" reformat="true" live-template-enabled="false">
        <template name="source.ts.child.0.ts" file-name="$Name/dto.ts" reformat="true" live-template-enabled="false" />
      </template>
      <template name="source.ts.child.0.ts" file-name="$Name/dto.ts" reformat="true" live-template-enabled="false" />
      <template name="utilityFunction.ts" file-name="$Name/index.ts" reformat="true" live-template-enabled="false">
        <template name="utilityFunction.ts.child.0༏ext༏.test.ts" file-name="$Name/$Name" reformat="true" live-template-enabled="false" />
        <template name="utilityFunction.ts.child.1.ts" file-name="$Name/$Name" reformat="true" live-template-enabled="false" />
      </template>
      <template name="utilityFunction.ts.child.0༏ext༏.test.ts" file-name="$Name/$Name" reformat="true" live-template-enabled="false" />
      <template name="utilityFunction.ts.child.1.ts" file-name="$Name/$Name" reformat="true" live-template-enabled="false" />
    </default_templates>
  </component>
</application>